{
  "rmse":371.0121923536,
  "mae":305.8828735352,
  "mape":0.0252531804,
  "r2":0.6505731344
}