{
  "rmse":387.2082772876,
  "mae":313.1848449707,
  "mape":0.0259102676,
  "r2":0.6277652979
}