{
  "rmse":308.3089587776,
  "mae":250.790725708,
  "mape":0.0206487961,
  "r2":0.7640065551
}