{
  "rmse":379.98505316,
  "mae":309.9742431641,
  "mape":0.0257288478,
  "r2":0.6334670782
}